[
{"category": "Ll",
 "names": [],
 "key": "03B1",
 "active": true,
 "mappings": {
  "default": {
   "default": "greek small letter alpha",
   "alternative": "",
   "short": "alpha"
  }}},
{"category": "Ll",
 "names": [],
 "key": "03B2",
 "active": true,
 "mappings": {
  "default": {
   "default": "greek small letter beta",
   "alternative": "",
   "short": "beta"
  }}},
{"category": "Ll",
 "names": [],
 "key": "03B3",
 "active": true,
 "mappings": {
  "default": {
   "default": "greek small letter gamma",
   "alternative": "",
   "short": "gamma"
  }}},
{"category": "Ll",
 "names": [],
 "key": "03B4",
 "active": true,
 "mappings": {
  "default": {
   "default": "greek small letter delta",
   "alternative": "",
   "short": "delta"
  }}},
{"category": "Ll",
 "names": [],
 "key": "03B5",
 "active": true,
 "mappings": {
  "default": {
   "default": "greek small letter epsilon",
   "alternative": "",
   "short": "epsilon"
  }}},
{"category": "Ll",
 "names": [],
 "key": "03B6",
 "active": true,
 "mappings": {
  "default": {
   "default": "greek small letter zeta",
   "alternative": "",
   "short": "zeta"
  }}},
{"category": "Ll",
 "names": [],
 "key": "03B7",
 "active": true,
 "mappings": {
  "default": {
   "default": "greek small letter eta",
   "alternative": "",
   "short": "eta"
  }}},
{"category": "Ll",
 "names": [],
 "key": "03B8",
 "active": true,
 "mappings": {
  "default": {
   "default": "greek small letter theta",
   "alternative": "",
   "short": "theta"
  }}},
{"category": "Ll",
 "names": [],
 "key": "03B9",
 "active": true,
 "mappings": {
  "default": {
   "default": "greek small letter iota",
   "alternative": "",
   "short": "iota"
  }}},
{"category": "Ll",
 "names": [],
 "key": "03BA",
 "active": true,
 "mappings": {
  "default": {
   "default": "greek small letter kappa",
   "alternative": "",
   "short": "kappa"
  }}},
{"category": "Ll",
 "names": [],
 "key": "03BB",
 "active": true,
 "mappings": {
  "default": {
   "default": "greek small letter lamda",
   "alternative": "greek small letter lambda",
   "short": "lamda"
  }}},
{"category": "Ll",
 "names": [],
 "key": "03BC",
 "active": true,
 "mappings": {
  "default": {
   "default": "greek small letter mu",
   "alternative": "",
   "short": "mu"
  }}},
{"category": "Ll",
 "names": [],
 "key": "03BD",
 "active": true,
 "mappings": {
  "default": {
   "default": "greek small letter nu",
   "alternative": "",
   "short": "nu"
  }}},
{"category": "Ll",
 "names": [],
 "key": "03BE",
 "active": true,
 "mappings": {
  "default": {
   "default": "greek small letter xi",
   "alternative": "",
   "short": "xi"
  }}},
{"category": "Ll",
 "names": [],
 "key": "03BF",
 "active": true,
 "mappings": {
  "default": {
   "default": "greek small letter omicron",
   "alternative": "",
   "short": "omicron"
  }}},
{"category": "Ll",
 "names": [],
 "key": "03C0",
 "active": true,
 "mappings": {
  "default": {
   "default": "greek small letter pi",
   "alternative": "",
   "short": "pi"
  }}},
{"category": "Ll",
 "names": [],
 "key": "03C1",
 "active": true,
 "mappings": {
  "default": {
   "default": "greek small letter rho",
   "alternative": "",
   "short": "rho"
  }}},
{"category": "Ll",
 "names": [],
 "key": "03C2",
 "active": true,
 "mappings": {
  "default": {
   "default": "greek small letter final sigma",
   "alternative": "",
   "short": "final sigma"
  }}},
{"category": "Ll",
 "names": [],
 "key": "03C3",
 "active": true,
 "mappings": {
  "default": {
   "default": "greek small letter sigma",
   "alternative": "",
   "short": "sigma"
  }}},
{"category": "Ll",
 "names": [],
 "key": "03C4",
 "active": true,
 "mappings": {
  "default": {
   "default": "greek small letter tau",
   "alternative": "",
   "short": "tau"
  }}},
{"category": "Ll",
 "names": [],
 "key": "03C5",
 "active": true,
 "mappings": {
  "default": {
   "default": "greek small letter upsilon",
   "alternative": "",
   "short": "upsilon"
  }}},
{"category": "Ll",
 "names": [],
 "key": "03C6",
 "active": true,
 "mappings": {
  "default": {
   "default": "greek small letter phi",
   "alternative": "",
   "short": "phi"
  }}},
{"category": "Ll",
 "names": [],
 "key": "03C7",
 "active": true,
 "mappings": {
  "default": {
   "default": "greek small letter chi",
   "alternative": "",
   "short": "chi"
  }}},
{"category": "Ll",
 "names": [],
 "key": "03C8",
 "active": true,
 "mappings": {
  "default": {
   "default": "greek small letter psi",
   "alternative": "",
   "short": "psi"
  }}},
{"category": "Ll",
 "names": [],
 "key": "03C9",
 "active": true,
 "mappings": {
  "default": {
   "default": "greek small letter omega",
   "alternative": "",
   "short": "omega"
  }}},
{"category": "Ll",
 "mappings": {
  "default": {
   "default": "greek beta symbol",
   "alternative": "greek small letter curled beta",
   "short": "beta"
  }
 },
 "key": "03D0"
},
{"category": "Ll",
 "mappings": {
  "default": {
   "default": "greek theta symbol",
   "alternative": "greek small letter script theta",
   "short": "theta"
  }
 },
 "key": "03D1"
},
{"category": "Ll",
 "mappings": {
  "default": {
   "default": "greek phi symbol",
   "alternative": "greek small letter script phi",
   "short": "phi"
  }
 },
 "key": "03D5"
},
{"category": "Ll",
 "mappings": {
  "default": {
   "default": "greek pi symbol",
   "alternative": "greek small letter omega pi",
   "short": "pi"
  }
 },
 "key": "03D6"
},
{"category": "Ll",
 "mappings": {
  "default": {
   "default": "greek kai symbol",
   "short": "kai"
  }
 },
 "key": "03D7"
},
{"category": "Ll",
 "mappings": {
  "default": {
   "default": "greek kappa symbol",
   "alternative": "greek small letter script kappa",
   "short": "kappa"
  }
 },
 "key": "03F0"
},
{"category": "Ll",
 "mappings": {
  "default": {
   "default": "greek rho symbol",
   "alternative": "greek small letter tailed rho",
   "short": "rho"
  }
 },
 "key": "03F1"
},
{"category": "Ll",
 "mappings": {
  "default": {
   "default": "greek lunate epsilon symbol",
   "short": "epsilon"
  }
 },
 "key": "03F5"
},
{"category": "Sm",
 "mappings": {
  "default": {
   "default": "greek reversed lunate epsilon symbol",
   "short": "reversed epsilon"
  }
 },
 "key": "03F6"
}
]
