[
{"category": "Lu",
 "mappings": {
  "default": {
   "default": "mathematical bold capital alpha",
   "alternative": "bold capital alpha",
   "short": "bold cap alpha"
  }
 },
 "key": "1D6A8"
},
{"category": "Lu",
 "mappings": {
  "default": {
   "default": "mathematical bold capital beta",
   "alternative": "bold capital beta",
   "short": "bold cap beta"
  }
 },
 "key": "1D6A9"
},
{"category": "Lu",
 "mappings": {
  "default": {
   "default": "mathematical bold capital gamma",
   "alternative": "bold capital gamma",
   "short": "bold cap gamma"
  }
 },
 "key": "1D6AA"
},
{"category": "Lu",
 "mappings": {
  "default": {
   "default": "mathematical bold capital delta",
   "alternative": "bold capital delta",
   "short": "bold cap delta"
  }
 },
 "key": "1D6AB"
},
{"category": "Lu",
 "mappings": {
  "default": {
   "default": "mathematical bold capital epsilon",
   "alternative": "bold capital epsilon",
   "short": "bold cap epsilon"
  }
 },
 "key": "1D6AC"
},
{"category": "Lu",
 "mappings": {
  "default": {
   "default": "mathematical bold capital zeta",
   "alternative": "bold capital zeta",
   "short": "bold cap zeta"
  }
 },
 "key": "1D6AD"
},
{"category": "Lu",
 "mappings": {
  "default": {
   "default": "mathematical bold capital eta",
   "alternative": "bold capital eta",
   "short": "bold cap eta"
  }
 },
 "key": "1D6AE"
},
{"category": "Lu",
 "mappings": {
  "default": {
   "default": "mathematical bold capital theta",
   "alternative": "bold capital theta",
   "short": "bold cap theta"
  }
 },
 "key": "1D6AF"
},
{"category": "Lu",
 "mappings": {
  "default": {
   "default": "mathematical bold capital iota",
   "alternative": "bold capital iota",
   "short": "bold cap iota"
  }
 },
 "key": "1D6B0"
},
{"category": "Lu",
 "mappings": {
  "default": {
   "default": "mathematical bold capital kappa",
   "alternative": "bold capital kappa",
   "short": "bold cap kappa"
  }
 },
 "key": "1D6B1"
},
{"category": "Lu",
 "mappings": {
  "default": {
   "default": "mathematical bold capital lamda",
   "alternative": "bold capital lamda",
   "short": "bold cap lamda"
  }
 },
 "key": "1D6B2"
},
{"category": "Lu",
 "mappings": {
  "default": {
   "default": "mathematical bold capital mu",
   "alternative": "bold capital mu",
   "short": "bold cap mu"
  }
 },
 "key": "1D6B3"
},
{"category": "Lu",
 "mappings": {
  "default": {
   "default": "mathematical bold capital nu",
   "alternative": "bold capital nu",
   "short": "bold cap nu"
  }
 },
 "key": "1D6B4"
},
{"category": "Lu",
 "mappings": {
  "default": {
   "default": "mathematical bold capital xi",
   "alternative": "bold capital xi",
   "short": "bold cap xi"
  }
 },
 "key": "1D6B5"
},
{"category": "Lu",
 "mappings": {
  "default": {
   "default": "mathematical bold capital omicron",
   "alternative": "bold capital omicron",
   "short": "bold cap omicron"
  }
 },
 "key": "1D6B6"
},
{"category": "Lu",
 "mappings": {
  "default": {
   "default": "mathematical bold capital pi",
   "alternative": "bold capital pi",
   "short": "bold cap pi"
  }
 },
 "key": "1D6B7"
},
{"category": "Lu",
 "mappings": {
  "default": {
   "default": "mathematical bold capital rho",
   "alternative": "bold capital rho",
   "short": "bold cap rho"
  }
 },
 "key": "1D6B8"
},
{"category": "Lu",
 "mappings": {
  "default": {
   "default": "mathematical bold capital theta symbol",
   "alternative": "bold capital theta",
   "short": "bold cap theta"
  }
 },
 "key": "1D6B9"
},
{"category": "Lu",
 "mappings": {
  "default": {
   "default": "mathematical bold capital sigma",
   "alternative": "bold capital sigma",
   "short": "bold cap sigma"
  }
 },
 "key": "1D6BA"
},
{"category": "Lu",
 "mappings": {
  "default": {
   "default": "mathematical bold capital tau",
   "alternative": "bold capital tau",
   "short": "bold cap tau"
  }
 },
 "key": "1D6BB"
},
{"category": "Lu",
 "mappings": {
  "default": {
   "default": "mathematical bold capital upsilon",
   "alternative": "bold capital upsilon",
   "short": "bold cap upsilon"
  }
 },
 "key": "1D6BC"
},
{"category": "Lu",
 "mappings": {
  "default": {
   "default": "mathematical bold capital phi",
   "alternative": "bold capital phi",
   "short": "bold cap phi"
  }
 },
 "key": "1D6BD"
},
{"category": "Lu",
 "mappings": {
  "default": {
   "default": "mathematical bold capital chi",
   "alternative": "bold capital chi",
   "short": "bold cap chi"
  }
 },
 "key": "1D6BE"
},
{"category": "Lu",
 "mappings": {
  "default": {
   "default": "mathematical bold capital psi",
   "alternative": "bold capital psi",
   "short": "bold cap psi"
  }
 },
 "key": "1D6BF"
},
{"category": "Lu",
 "mappings": {
  "default": {
   "default": "mathematical bold capital omega",
   "alternative": "bold capital omega",
   "short": "bold cap omega"
  }
 },
 "key": "1D6C0"
},
{"category": "Sm",
 "mappings": {
  "default": {
   "default": "mathematical bold nabla",
   "alternative": "bold nabla"
  }
 },
 "key": "1D6C1"
},
{"category": "Ll",
 "mappings": {
  "default": {
   "default": "mathematical bold small alpha",
   "alternative": "bold small alpha",
   "short": "bold alpha"
  }
 },
 "key": "1D6C2"
},
{"category": "Ll",
 "mappings": {
  "default": {
   "default": "mathematical bold small beta",
   "alternative": "bold small beta",
   "short": "bold beta"
  }
 },
 "key": "1D6C3"
},
{"category": "Ll",
 "mappings": {
  "default": {
   "default": "mathematical bold small gamma",
   "alternative": "bold small gamma",
   "short": "bold gamma"
  }
 },
 "key": "1D6C4"
},
{"category": "Ll",
 "mappings": {
  "default": {
   "default": "mathematical bold small delta",
   "alternative": "bold small delta",
   "short": "bold delta"
  }
 },
 "key": "1D6C5"
},
{"category": "Ll",
 "mappings": {
  "default": {
   "default": "mathematical bold small epsilon",
   "alternative": "bold small epsilon",
   "short": "bold epsilon"
  }
 },
 "key": "1D6C6"
},
{"category": "Ll",
 "mappings": {
  "default": {
   "default": "mathematical bold small zeta",
   "alternative": "bold small zeta",
   "short": "bold zeta"
  }
 },
 "key": "1D6C7"
},
{"category": "Ll",
 "mappings": {
  "default": {
   "default": "mathematical bold small eta",
   "alternative": "bold small eta",
   "short": "bold eta"
  }
 },
 "key": "1D6C8"
},
{"category": "Ll",
 "mappings": {
  "default": {
   "default": "mathematical bold small theta",
   "alternative": "bold small theta",
   "short": "bold theta"
  }
 },
 "key": "1D6C9"
},
{"category": "Ll",
 "mappings": {
  "default": {
   "default": "mathematical bold small iota",
   "alternative": "bold small iota",
   "short": "bold iota"
  }
 },
 "key": "1D6CA"
},
{"category": "Ll",
 "mappings": {
  "default": {
   "default": "mathematical bold small kappa",
   "alternative": "bold small kappa",
   "short": "bold kappa"
  }
 },
 "key": "1D6CB"
},
{"category": "Ll",
 "mappings": {
  "default": {
   "default": "mathematical bold small lamda",
   "alternative": "bold small lamda",
   "short": "bold lamda"
  }
 },
 "key": "1D6CC"
},
{"category": "Ll",
 "mappings": {
  "default": {
   "default": "mathematical bold small mu",
   "alternative": "bold small mu",
   "short": "bold mu"
  }
 },
 "key": "1D6CD"
},
{"category": "Ll",
 "mappings": {
  "default": {
   "default": "mathematical bold small nu",
   "alternative": "bold small nu",
   "short": "bold nu"
  }
 },
 "key": "1D6CE"
},
{"category": "Ll",
 "mappings": {
  "default": {
   "default": "mathematical bold small xi",
   "alternative": "bold small xi",
   "short": "bold xi"
  }
 },
 "key": "1D6CF"
},
{"category": "Ll",
 "mappings": {
  "default": {
   "default": "mathematical bold small omicron",
   "alternative": "bold small omicron",
   "short": "bold omicron"
  }
 },
 "key": "1D6D0"
},
{"category": "Ll",
 "mappings": {
  "default": {
   "default": "mathematical bold small pi",
   "alternative": "bold small pi",
   "short": "bold pi"
  }
 },
 "key": "1D6D1"
},
{"category": "Ll",
 "mappings": {
  "default": {
   "default": "mathematical bold small rho",
   "alternative": "bold small rho",
   "short": "bold rho"
  }
 },
 "key": "1D6D2"
},
{"category": "Ll",
 "mappings": {
  "default": {
   "default": "mathematical bold small final sigma",
   "alternative": "bold small final sigma",
   "short": "bold final sigma"
  }
 },
 "key": "1D6D3"
},
{"category": "Ll",
 "mappings": {
  "default": {
   "default": "mathematical bold small sigma",
   "alternative": "bold small sigma",
   "short": "bold sigma"
  }
 },
 "key": "1D6D4"
},
{"category": "Ll",
 "mappings": {
  "default": {
   "default": "mathematical bold small tau",
   "alternative": "bold small tau",
   "short": "bold tau"
  }
 },
 "key": "1D6D5"
},
{"category": "Ll",
 "mappings": {
  "default": {
   "default": "mathematical bold small upsilon",
   "alternative": "bold small upsilon",
   "short": "bold upsilon"
  }
 },
 "key": "1D6D6"
},
{"category": "Ll",
 "mappings": {
  "default": {
   "default": "mathematical bold small phi",
   "alternative": "bold small phi",
   "short": "bold phi"
  }
 },
 "key": "1D6D7"
},
{"category": "Ll",
 "mappings": {
  "default": {
   "default": "mathematical bold small chi",
   "alternative": "bold small chi",
   "short": "bold chi"
  }
 },
 "key": "1D6D8"
},
{"category": "Ll",
 "mappings": {
  "default": {
   "default": "mathematical bold small psi",
   "alternative": "bold small psi",
   "short": "bold psi"
  }
 },
 "key": "1D6D9"
},
{"category": "Ll",
 "mappings": {
  "default": {
   "default": "mathematical bold small omega",
   "alternative": "bold small omega",
   "short": "bold omega"
  }
 },
 "key": "1D6DA"
},
{"category": "Sm",
 "mappings": {
  "default": {
   "default": "mathematical bold partial differential",
   "alternative": "bold partial differential",
   "short": "bold partial differential"
  }
 },
 "key": "1D6DB"
},
{"category": "Ll",
 "mappings": {
  "default": {
   "default": "mathematical bold epsilon symbol",
   "alternative": "bold epsilon",
   "short": "bold epsilon"
  }
 },
 "key": "1D6DC"
},
{"category": "Ll",
 "mappings": {
  "default": {
   "default": "mathematical bold theta symbol",
   "alternative": "bold theta",
   "short": "bold theta"
  }
 },
 "key": "1D6DD"
},
{"category": "Ll",
 "mappings": {
  "default": {
   "default": "mathematical bold kappa symbol",
   "alternative": "bold kappa",
   "short": "bold kappa"
  }
 },
 "key": "1D6DE"
},
{"category": "Ll",
 "mappings": {
  "default": {
   "default": "mathematical bold phi symbol",
   "alternative": "bold phi",
   "short": "bold phi"
  }
 },
 "key": "1D6DF"
},
{"category": "Ll",
 "mappings": {
  "default": {
   "default": "mathematical bold rho symbol",
   "alternative": "bold rho",
   "short": "bold rho"
  }
 },
 "key": "1D6E0"
},
{"category": "Ll",
 "mappings": {
  "default": {
   "default": "mathematical bold pi symbol",
   "alternative": "bold pi",
   "short": "bold pi"
  }
 },
 "key": "1D6E1"
},
{"category": "Lu",
 "mappings": {
  "default": {
   "default": "mathematical italic capital alpha",
   "alternative": "italic capital alpha",
   "short": "italic cap alpha"
  }
 },
 "key": "1D6E2"
},
{"category": "Lu",
 "mappings": {
  "default": {
   "default": "mathematical italic capital beta",
   "alternative": "italic capital beta",
   "short": "italic cap beta"
  }
 },
 "key": "1D6E3"
},
{"category": "Lu",
 "mappings": {
  "default": {
   "default": "mathematical italic capital gamma",
   "alternative": "italic capital gamma",
   "short": "italic cap gamma"
  }
 },
 "key": "1D6E4"
},
{"category": "Lu",
 "mappings": {
  "default": {
   "default": "mathematical italic capital delta",
   "alternative": "italic capital delta",
   "short": "italic cap delta"
  }
 },
 "key": "1D6E5"
},
{"category": "Lu",
 "mappings": {
  "default": {
   "default": "mathematical italic capital epsilon",
   "alternative": "italic capital epsilon",
   "short": "italic cap epsilon"
  }
 },
 "key": "1D6E6"
},
{"category": "Lu",
 "mappings": {
  "default": {
   "default": "mathematical italic capital zeta",
   "alternative": "italic capital zeta",
   "short": "italic cap zeta"
  }
 },
 "key": "1D6E7"
},
{"category": "Lu",
 "mappings": {
  "default": {
   "default": "mathematical italic capital eta",
   "alternative": "italic capital eta",
   "short": "italic cap eta"
  }
 },
 "key": "1D6E8"
},
{"category": "Lu",
 "mappings": {
  "default": {
   "default": "mathematical italic capital theta",
   "alternative": "italic capital theta",
   "short": "italic cap theta"
  }
 },
 "key": "1D6E9"
},
{"category": "Lu",
 "mappings": {
  "default": {
   "default": "mathematical italic capital iota",
   "alternative": "italic capital iota",
   "short": "italic cap iota"
  }
 },
 "key": "1D6EA"
},
{"category": "Lu",
 "mappings": {
  "default": {
   "default": "mathematical italic capital kappa",
   "alternative": "italic capital kappa",
   "short": "italic cap kappa"
  }
 },
 "key": "1D6EB"
},
{"category": "Lu",
 "mappings": {
  "default": {
   "default": "mathematical italic capital lamda",
   "alternative": "italic capital lamda",
   "short": "italic cap lamda"
  }
 },
 "key": "1D6EC"
},
{"category": "Lu",
 "mappings": {
  "default": {
   "default": "mathematical italic capital mu",
   "alternative": "italic capital mu",
   "short": "italic cap mu"
  }
 },
 "key": "1D6ED"
},
{"category": "Lu",
 "mappings": {
  "default": {
   "default": "mathematical italic capital nu",
   "alternative": "italic capital nu",
   "short": "italic cap nu"
  }
 },
 "key": "1D6EE"
},
{"category": "Lu",
 "mappings": {
  "default": {
   "default": "mathematical italic capital xi",
   "alternative": "italic capital xi",
   "short": "italic cap xi"
  }
 },
 "key": "1D6EF"
},
{"category": "Lu",
 "mappings": {
  "default": {
   "default": "mathematical italic capital omicron",
   "alternative": "italic capital omicron",
   "short": "italic cap omicron"
  }
 },
 "key": "1D6F0"
},
{"category": "Lu",
 "mappings": {
  "default": {
   "default": "mathematical italic capital pi",
   "alternative": "italic capital pi",
   "short": "italic cap pi"
  }
 },
 "key": "1D6F1"
},
{"category": "Lu",
 "mappings": {
  "default": {
   "default": "mathematical italic capital rho",
   "alternative": "italic capital rho",
   "short": "italic cap rho"
  }
 },
 "key": "1D6F2"
},
{"category": "Lu",
 "mappings": {
  "default": {
   "default": "mathematical italic capital theta symbol",
   "alternative": "italic capital theta",
   "short": "italic cap theta"
  }
 },
 "key": "1D6F3"
},
{"category": "Lu",
 "mappings": {
  "default": {
   "default": "mathematical italic capital sigma",
   "alternative": "italic capital sigma",
   "short": "italic cap sigma"
  }
 },
 "key": "1D6F4"
},
{"category": "Lu",
 "mappings": {
  "default": {
   "default": "mathematical italic capital tau",
   "alternative": "italic capital tau",
   "short": "italic cap tau"
  }
 },
 "key": "1D6F5"
},
{"category": "Lu",
 "mappings": {
  "default": {
   "default": "mathematical italic capital upsilon",
   "alternative": "italic capital upsilon",
   "short": "italic cap upsilon"
  }
 },
 "key": "1D6F6"
},
{"category": "Lu",
 "mappings": {
  "default": {
   "default": "mathematical italic capital phi",
   "alternative": "italic capital phi",
   "short": "italic cap phi"
  }
 },
 "key": "1D6F7"
},
{"category": "Lu",
 "mappings": {
  "default": {
   "default": "mathematical italic capital chi",
   "alternative": "italic capital chi",
   "short": "italic cap chi"
  }
 },
 "key": "1D6F8"
},
{"category": "Lu",
 "mappings": {
  "default": {
   "default": "mathematical italic capital psi",
   "alternative": "italic capital psi",
   "short": "italic cap psi"
  }
 },
 "key": "1D6F9"
},
{"category": "Lu",
 "mappings": {
  "default": {
   "default": "mathematical italic capital omega",
   "alternative": "italic capital omega",
   "short": "italic cap omega"
  }
 },
 "key": "1D6FA"
},
{"category": "Sm",
 "mappings": {
  "default": {
   "default": "mathematical italic nabla",
   "alternative": "italic nabla",
   "short": "italic nabla"
  }
 },
 "key": "1D6FB"
},
{"category": "Ll",
 "mappings": {
  "default": {
   "default": "mathematical italic small alpha",
   "alternative": "italic small alpha",
   "short": "italic alpha"
  }
 },
 "key": "1D6FC"
},
{"category": "Ll",
 "mappings": {
  "default": {
   "default": "mathematical italic small beta",
   "alternative": "italic small beta",
   "short": "italic beta"
  }
 },
 "key": "1D6FD"
},
{"category": "Ll",
 "mappings": {
  "default": {
   "default": "mathematical italic small gamma",
   "alternative": "italic small gamma",
   "short": "italic gamma"
  }
 },
 "key": "1D6FE"
},
{"category": "Ll",
 "mappings": {
  "default": {
   "default": "mathematical italic small delta",
   "alternative": "italic small delta",
   "short": "italic delta"
  }
 },
 "key": "1D6FF"
},
{"category": "Ll",
 "mappings": {
  "default": {
   "default": "mathematical italic small epsilon",
   "alternative": "italic small epsilon",
   "short": "italic epsilon"
  }
 },
 "key": "1D700"
},
{"category": "Ll",
 "mappings": {
  "default": {
   "default": "mathematical italic small zeta",
   "alternative": "italic small zeta",
   "short": "italic zeta"
  }
 },
 "key": "1D701"
},
{"category": "Ll",
 "mappings": {
  "default": {
   "default": "mathematical italic small eta",
   "alternative": "italic small eta",
   "short": "italic eta"
  }
 },
 "key": "1D702"
},
{"category": "Ll",
 "mappings": {
  "default": {
   "default": "mathematical italic small theta",
   "alternative": "italic small theta",
   "short": "italic theta"
  }
 },
 "key": "1D703"
},
{"category": "Ll",
 "mappings": {
  "default": {
   "default": "mathematical italic small iota",
   "alternative": "italic small iota",
   "short": "italic iota"
  }
 },
 "key": "1D704"
},
{"category": "Ll",
 "mappings": {
  "default": {
   "default": "mathematical italic small kappa",
   "alternative": "italic small kappa",
   "short": "italic kappa"
  }
 },
 "key": "1D705"
},
{"category": "Ll",
 "mappings": {
  "default": {
   "default": "mathematical italic small lamda",
   "alternative": "italic small lamda",
   "short": "italic lamda"
  }
 },
 "key": "1D706"
},
{"category": "Ll",
 "mappings": {
  "default": {
   "default": "mathematical italic small mu",
   "alternative": "italic small mu",
   "short": "italic mu"
  }
 },
 "key": "1D707"
},
{"category": "Ll",
 "mappings": {
  "default": {
   "default": "mathematical italic small nu",
   "alternative": "italic small nu",
   "short": "italic nu"
  }
 },
 "key": "1D708"
},
{"category": "Ll",
 "mappings": {
  "default": {
   "default": "mathematical italic small xi",
   "alternative": "italic small xi",
   "short": "italic xi"
  }
 },
 "key": "1D709"
},
{"category": "Ll",
 "mappings": {
  "default": {
   "default": "mathematical italic small omicron",
   "alternative": "italic small omicron",
   "short": "italic omicron"
  }
 },
 "key": "1D70A"
},
{"category": "Ll",
 "mappings": {
  "default": {
   "default": "mathematical italic small pi",
   "alternative": "italic small pi",
   "short": "italic pi"
  }
 },
 "key": "1D70B"
},
{"category": "Ll",
 "mappings": {
  "default": {
   "default": "mathematical italic small rho",
   "alternative": "italic small rho",
   "short": "italic rho"
  }
 },
 "key": "1D70C"
},
{"category": "Ll",
 "mappings": {
  "default": {
   "default": "mathematical italic small final sigma",
   "alternative": "italic small final sigma",
   "short": "italic final sigma"
  }
 },
 "key": "1D70D"
},
{"category": "Ll",
 "mappings": {
  "default": {
   "default": "mathematical italic small sigma",
   "alternative": "italic small sigma",
   "short": "italic sigma"
  }
 },
 "key": "1D70E"
},
{"category": "Ll",
 "mappings": {
  "default": {
   "default": "mathematical italic small tau",
   "alternative": "italic small tau",
   "short": "italic tau"
  }
 },
 "key": "1D70F"
},
{"category": "Ll",
 "mappings": {
  "default": {
   "default": "mathematical italic small upsilon",
   "alternative": "italic small upsilon",
   "short": "italic upsilon"
  }
 },
 "key": "1D710"
},
{"category": "Ll",
 "mappings": {
  "default": {
   "default": "mathematical italic small phi",
   "alternative": "italic small phi",
   "short": "italic phi"
  }
 },
 "key": "1D711"
},
{"category": "Ll",
 "mappings": {
  "default": {
   "default": "mathematical italic small chi",
   "alternative": "italic small chi",
   "short": "italic chi"
  }
 },
 "key": "1D712"
},
{"category": "Ll",
 "mappings": {
  "default": {
   "default": "mathematical italic small psi",
   "alternative": "italic small psi",
   "short": "italic psi"
  }
 },
 "key": "1D713"
},
{"category": "Ll",
 "mappings": {
  "default": {
   "default": "mathematical italic small omega",
   "alternative": "italic small omega",
   "short": "italic omega"
  }
 },
 "key": "1D714"
},
{"category": "Sm",
 "mappings": {
  "default": {
   "default": "mathematical italic partial differential",
   "alternative": "italic partial differential",
   "short": "italic partial differential"
  }
 },
 "key": "1D715"
},
{"category": "Ll",
 "mappings": {
  "default": {
   "default": "mathematical italic epsilon symbol",
   "alternative": "italic epsilon",
   "short": "italic epsilon"
  }
 },
 "key": "1D716"
},
{"category": "Ll",
 "mappings": {
  "default": {
   "default": "mathematical italic theta symbol",
   "alternative": "italic theta",
   "short": "italic theta"
  }
 },
 "key": "1D717"
},
{"category": "Ll",
 "mappings": {
  "default": {
   "default": "mathematical italic kappa symbol",
   "alternative": "italic kappa",
   "short": "italic kappa"
  }
 },
 "key": "1D718"
},
{"category": "Ll",
 "mappings": {
  "default": {
   "default": "mathematical italic phi symbol",
   "alternative": "italic phi",
   "short": "italic phi"
  }
 },
 "key": "1D719"
},
{"category": "Ll",
 "mappings": {
  "default": {
   "default": "mathematical italic rho symbol",
   "alternative": "italic rho",
   "short": "italic rho"
  }
 },
 "key": "1D71A"
},
{"category": "Ll",
 "mappings": {
  "default": {
   "default": "mathematical italic pi symbol",
   "alternative": "italic pi",
   "short": "italic pi"
  }
 },
 "key": "1D71B"
},
{"category": "Lu",
 "mappings": {
  "default": {
   "default": "mathematical sans serif bold capital alpha",
   "alternative": "sans serif bold capital alpha",
   "short": "sans serif bold cap alpha"
  }
 },
 "key": "1D756"
},
{"category": "Lu",
 "mappings": {
  "default": {
   "default": "mathematical sans serif bold capital beta",
   "alternative": "sans serif bold capital beta",
   "short": "sans serif bold cap beta"
  }
 },
 "key": "1D757"
},
{"category": "Lu",
 "mappings": {
  "default": {
   "default": "mathematical sans serif bold capital gamma",
   "alternative": "sans serif bold capital gamma",
   "short": "sans serif bold cap gamma"
  }
 },
 "key": "1D758"
},
{"category": "Lu",
 "mappings": {
  "default": {
   "default": "mathematical sans serif bold capital delta",
   "alternative": "sans serif bold capital delta",
   "short": "sans serif bold cap delta"
  }
 },
 "key": "1D759"
},
{"category": "Lu",
 "mappings": {
  "default": {
   "default": "mathematical sans serif bold capital epsilon",
   "alternative": "sans serif bold capital epsilon",
   "short": "sans serif bold cap epsilon"
  }
 },
 "key": "1D75A"
},
{"category": "Lu",
 "mappings": {
  "default": {
   "default": "mathematical sans serif bold capital zeta",
   "alternative": "sans serif bold capital zeta",
   "short": "sans serif bold cap zeta"
  }
 },
 "key": "1D75B"
},
{"category": "Lu",
 "mappings": {
  "default": {
   "default": "mathematical sans serif bold capital eta",
   "alternative": "sans serif bold capital eta",
   "short": "sans serif bold cap eta"
  }
 },
 "key": "1D75C"
},
{"category": "Lu",
 "mappings": {
  "default": {
   "default": "mathematical sans serif bold capital theta",
   "alternative": "sans serif bold capital theta",
   "short": "sans serif bold cap theta"
  }
 },
 "key": "1D75D"
},
{"category": "Lu",
 "mappings": {
  "default": {
   "default": "mathematical sans serif bold capital iota",
   "alternative": "sans serif bold capital iota",
   "short": "sans serif bold cap iota"
  }
 },
 "key": "1D75E"
},
{"category": "Lu",
 "mappings": {
  "default": {
   "default": "mathematical sans serif bold capital kappa",
   "alternative": "sans serif bold capital kappa",
   "short": "sans serif bold cap kappa"
  }
 },
 "key": "1D75F"
},
{"category": "Lu",
 "mappings": {
  "default": {
   "default": "mathematical sans serif bold capital lamda",
   "alternative": "sans serif bold capital lamda",
   "short": "sans serif bold cap lamda"
  }
 },
 "key": "1D760"
},
{"category": "Lu",
 "mappings": {
  "default": {
   "default": "mathematical sans serif bold capital mu",
   "alternative": "sans serif bold capital mu",
   "short": "sans serif bold cap mu"
  }
 },
 "key": "1D761"
},
{"category": "Lu",
 "mappings": {
  "default": {
   "default": "mathematical sans serif bold capital nu",
   "alternative": "sans serif bold capital nu",
   "short": "sans serif bold cap nu"
  }
 },
 "key": "1D762"
},
{"category": "Lu",
 "mappings": {
  "default": {
   "default": "mathematical sans serif bold capital xi",
   "alternative": "sans serif bold capital xi",
   "short": "sans serif bold cap xi"
  }
 },
 "key": "1D763"
},
{"category": "Lu",
 "mappings": {
  "default": {
   "default": "mathematical sans serif bold capital omicron",
   "alternative": "sans serif bold capital omicron",
   "short": "sans serif bold cap omicron"
  }
 },
 "key": "1D764"
},
{"category": "Lu",
 "mappings": {
  "default": {
   "default": "mathematical sans serif bold capital pi",
   "alternative": "sans serif bold capital pi",
   "short": "sans serif bold cap pi"
  }
 },
 "key": "1D765"
},
{"category": "Lu",
 "mappings": {
  "default": {
   "default": "mathematical sans serif bold capital rho",
   "alternative": "sans serif bold capital rho",
   "short": "sans serif bold cap rho"
  }
 },
 "key": "1D766"
},
{"category": "Lu",
 "mappings": {
  "default": {
   "default": "mathematical sans serif bold capital theta symbol",
   "alternative": "sans serif bold capital theta",
   "short": "sans serif bold cap theta"
  }
 },
 "key": "1D767"
},
{"category": "Lu",
 "mappings": {
  "default": {
   "default": "mathematical sans serif bold capital sigma",
   "alternative": "sans serif bold capital sigma",
   "short": "sans serif bold cap sigma"
  }
 },
 "key": "1D768"
},
{"category": "Lu",
 "mappings": {
  "default": {
   "default": "mathematical sans serif bold capital tau",
   "alternative": "sans serif bold capital tau",
   "short": "sans serif bold cap tau"
  }
 },
 "key": "1D769"
},
{"category": "Lu",
 "mappings": {
  "default": {
   "default": "mathematical sans serif bold capital upsilon",
   "alternative": "sans serif bold capital upsilon",
   "short": "sans serif bold cap upsilon"
  }
 },
 "key": "1D76A"
},
{"category": "Lu",
 "mappings": {
  "default": {
   "default": "mathematical sans serif bold capital phi",
   "alternative": "sans serif bold capital phi",
   "short": "sans serif bold cap phi"
  }
 },
 "key": "1D76B"
},
{"category": "Lu",
 "mappings": {
  "default": {
   "default": "mathematical sans serif bold capital chi",
   "alternative": "sans serif bold capital chi",
   "short": "sans serif bold cap chi"
  }
 },
 "key": "1D76C"
},
{"category": "Lu",
 "mappings": {
  "default": {
   "default": "mathematical sans serif bold capital psi",
   "alternative": "sans serif bold capital psi",
   "short": "sans serif bold cap psi"
  }
 },
 "key": "1D76D"
},
{"category": "Lu",
 "mappings": {
  "default": {
   "default": "mathematical sans serif bold capital omega",
   "alternative": "sans serif bold capital omega",
   "short": "sans serif bold cap omega"
  }
 },
 "key": "1D76E"
},
{"category": "Sm",
 "mappings": {
  "default": {
   "default": "mathematical sans serif bold nabla",
   "alternative": "sans serif bold nabla",
   "short": "sans serif bold nabla"
  }
 },
 "key": "1D76F"
},
{"category": "Ll",
 "mappings": {
  "default": {
   "default": "mathematical sans serif bold small alpha",
   "alternative": "sans serif bold small alpha",
   "short": "sans serif bold alpha"
  }
 },
 "key": "1D770"
},
{"category": "Ll",
 "mappings": {
  "default": {
   "default": "mathematical sans serif bold small beta",
   "alternative": "sans serif bold small beta",
   "short": "sans serif bold beta"
  }
 },
 "key": "1D771"
},
{"category": "Ll",
 "mappings": {
  "default": {
   "default": "mathematical sans serif bold small gamma",
   "alternative": "sans serif bold small gamma",
   "short": "sans serif bold gamma"
  }
 },
 "key": "1D772"
},
{"category": "Ll",
 "mappings": {
  "default": {
   "default": "mathematical sans serif bold small delta",
   "alternative": "sans serif bold small delta",
   "short": "sans serif bold delta"
  }
 },
 "key": "1D773"
},
{"category": "Ll",
 "mappings": {
  "default": {
   "default": "mathematical sans serif bold small epsilon",
   "alternative": "sans serif bold small epsilon",
   "short": "sans serif bold epsilon"
  }
 },
 "key": "1D774"
},
{"category": "Ll",
 "mappings": {
  "default": {
   "default": "mathematical sans serif bold small zeta",
   "alternative": "sans serif bold small zeta",
   "short": "sans serif bold zeta"
  }
 },
 "key": "1D775"
},
{"category": "Ll",
 "mappings": {
  "default": {
   "default": "mathematical sans serif bold small eta",
   "alternative": "sans serif bold small eta",
   "short": "sans serif bold eta"
  }
 },
 "key": "1D776"
},
{"category": "Ll",
 "mappings": {
  "default": {
   "default": "mathematical sans serif bold small theta",
   "alternative": "sans serif bold small theta",
   "short": "sans serif bold theta"
  }
 },
 "key": "1D777"
},
{"category": "Ll",
 "mappings": {
  "default": {
   "default": "mathematical sans serif bold small iota",
   "alternative": "sans serif bold small iota",
   "short": "sans serif bold iota"
  }
 },
 "key": "1D778"
},
{"category": "Ll",
 "mappings": {
  "default": {
   "default": "mathematical sans serif bold small kappa",
   "alternative": "sans serif bold small kappa",
   "short": "sans serif bold kappa"
  }
 },
 "key": "1D779"
},
{"category": "Ll",
 "mappings": {
  "default": {
   "default": "mathematical sans serif bold small lamda",
   "alternative": "sans serif bold small lamda",
   "short": "sans serif bold lamda"
  }
 },
 "key": "1D77A"
},
{"category": "Ll",
 "mappings": {
  "default": {
   "default": "mathematical sans serif bold small mu",
   "alternative": "sans serif bold small mu",
   "short": "sans serif bold mu"
  }
 },
 "key": "1D77B"
},
{"category": "Ll",
 "mappings": {
  "default": {
   "default": "mathematical sans serif bold small nu",
   "alternative": "sans serif bold small nu",
   "short": "sans serif bold nu"
  }
 },
 "key": "1D77C"
},
{"category": "Ll",
 "mappings": {
  "default": {
   "default": "mathematical sans serif bold small xi",
   "alternative": "sans serif bold small xi",
   "short": "sans serif bold xi"
  }
 },
 "key": "1D77D"
},
{"category": "Ll",
 "mappings": {
  "default": {
   "default": "mathematical sans serif bold small omicron",
   "alternative": "sans serif bold small omicron",
   "short": "sans serif bold omicron"
  }
 },
 "key": "1D77E"
},
{"category": "Ll",
 "mappings": {
  "default": {
   "default": "mathematical sans serif bold small pi",
   "alternative": "sans serif bold small pi",
   "short": "sans serif bold pi"
  }
 },
 "key": "1D77F"
},
{"category": "Ll",
 "mappings": {
  "default": {
   "default": "mathematical sans serif bold small rho",
   "alternative": "sans serif bold small rho",
   "short": "sans serif bold rho"
  }
 },
 "key": "1D780"
},
{"category": "Ll",
 "mappings": {
  "default": {
   "default": "mathematical sans serif bold small final sigma",
   "alternative": "sans serif bold small final sigma",
   "short": "sans serif bold final sigma"
  }
 },
 "key": "1D781"
},
{"category": "Ll",
 "mappings": {
  "default": {
   "default": "mathematical sans serif bold small sigma",
   "alternative": "sans serif bold small sigma",
   "short": "sans serif bold sigma"
  }
 },
 "key": "1D782"
},
{"category": "Ll",
 "mappings": {
  "default": {
   "default": "mathematical sans serif bold small tau",
   "alternative": "sans serif bold small tau",
   "short": "sans serif bold tau"
  }
 },
 "key": "1D783"
},
{"category": "Ll",
 "mappings": {
  "default": {
   "default": "mathematical sans serif bold small upsilon",
   "alternative": "sans serif bold small upsilon",
   "short": "sans serif bold upsilon"
  }
 },
 "key": "1D784"
},
{"category": "Ll",
 "mappings": {
  "default": {
   "default": "mathematical sans serif bold small phi",
   "alternative": "sans serif bold small phi",
   "short": "sans serif bold phi"
  }
 },
 "key": "1D785"
},
{"category": "Ll",
 "mappings": {
  "default": {
   "default": "mathematical sans serif bold small chi",
   "alternative": "sans serif bold small chi",
   "short": "sans serif bold chi"
  }
 },
 "key": "1D786"
},
{"category": "Ll",
 "mappings": {
  "default": {
   "default": "mathematical sans serif bold small psi",
   "alternative": "sans serif bold small psi",
   "short": "sans serif bold psi"
  }
 },
 "key": "1D787"
},
{"category": "Ll",
 "mappings": {
  "default": {
   "default": "mathematical sans serif bold small omega",
   "alternative": "sans serif bold small omega",
   "short": "sans serif bold omega"
  }
 },
 "key": "1D788"
},
{"category": "Sm",
 "mappings": {
  "default": {
   "default": "mathematical sans serif bold partial differential",
   "alternative": "sans serif bold partial differential",
   "short": "sans serif bold partial differential"
  }
 },
 "key": "1D789"
},
{"category": "Ll",
 "mappings": {
  "default": {
   "default": "mathematical sans serif bold epsilon symbol",
   "alternative": "sans serif bold epsilon",
   "short": "sans serif bold epsilon"
  }
 },
 "key": "1D78A"
},
{"category": "Ll",
 "mappings": {
  "default": {
   "default": "mathematical sans serif bold theta symbol",
   "alternative": "sans serif bold theta",
   "short": "sans serif bold theta"
  }
 },
 "key": "1D78B"
},
{"category": "Ll",
 "mappings": {
  "default": {
   "default": "mathematical sans serif bold kappa symbol",
   "alternative": "sans serif bold kappa",
   "short": "sans serif bold kappa"
  }
 },
 "key": "1D78C"
},
{"category": "Ll",
 "mappings": {
  "default": {
   "default": "mathematical sans serif bold phi symbol",
   "alternative": "sans serif bold phi",
   "short": "sans serif bold phi"
  }
 },
 "key": "1D78D"
},
{"category": "Ll",
 "mappings": {
  "default": {
   "default": "mathematical sans serif bold rho symbol",
   "alternative": "sans serif bold rho",
   "short": "sans serif bold rho"
  }
 },
 "key": "1D78E"
},
{"category": "Ll",
 "mappings": {
  "default": {
   "default": "mathematical sans serif bold pi symbol",
   "alternative": "sans serif bold pi",
   "short": "sans serif bold pi"
  }
 },
 "key": "1D78F"
},
{"category": "Lu",
 "mappings": {
  "default": {
   "default": "mathematical bold capital digamma",
   "alternative": "bold capital digamma",
   "short": "bold cap digamma"
  }
 },
 "key": "1D7CA"
},
{"category": "Ll",
 "mappings": {
  "default": {
   "default": "mathematical bold small digamma",
   "alternative": "bold small digamma",
   "short": "bold digamma"
  }
 },
 "key": "1D7CB"
}
]
